[招募]虎扑App招聘产品经理、步行街运营、信息治理内容审核、测试工程师,Kenzo_,2019/4/18,0/226138,Kenzo_
"""干什么""在你们那方言怎么说？",洛城英格拉姆BI,2019/5/23,391/9771,德烟Howard
老哥们这是什么水平？想拿绿卡了？,罗杰卡普,2019/5/23,33/9246,FanChiNgai
不懂就问，如何委婉的让女生爆照？,臣妾今夜不侍寝,2019/5/23,58/11833,洛杉矶球大代表
男朋友网贷十几万还应该在一起吗？,Jessica533,2019/5/23,95/11329,jqhoney52
为什么有的镜子的自己很帅，有的镜子里的自己却一般,不好意思那,2019/5/22,16/1309,虎扑JR1760463428
考研每天坐室友对面的女生，女生对室友的回复什么水平。,我看你怎么说,2019/5/22,177/87464,勒布朗强
请大家救救我的妈妈,岛田兄弟卢西奥,2019/5/22,68/8845,安筱德
特种兵中的阻击手和奥运射击冠军谁厉害？,邓肯吃面饼,2019/5/23,56/6473,DG_CAT
有人说他数学0分总分200多分上了二本，大家看看是不是吹牛逼,挖掘机博士,2019/5/23,39/4045,守法球迷
女生最不喜欢男人什么样的穿衣打扮？妹子的回答太扎心了，你觉得是这样吗？zt,绝地求佛,2019/5/23,5/553,河蟹之主
男朋友总是当着我的面看其他女生的腿怎么办？,雷阿伦接班人,2019/5/22,668/205665,齐Durant
"同学去青城山玩遇到的蛇（应该不会是白素贞）有懂蛇的朋友认识吗？
还是一个女同学录的我觉得胆子也真是有点大……",我的名字非常拉风,2019/5/23,13/976,我的名字非常拉风
长得漂亮但说脏话的女生，你能接受吗？,我真的不懂球,2019/5/23,194/45824,编号0011
大学的成绩能决定你后半辈子吗？,Supremacy皓,2019/5/23,60/9133,暗黑第七乐章
这猫是什么操作，哈哈zt,积极也没用,2019/5/22,3/317,卷毛王大陆
我被这个相亲女坑了。。。,35岁就退休,2019/5/22,563/187268,轻马芒鞋
ZT:事发海底捞！顾客打火机掉进火锅，服务员打捞时爆炸！视频吓人,燎如观火,2019/5/23,357/189080,520哈哈哈
现在大学生连哥德巴赫猜想都不知道吗？,深秋your,2019/5/23,291/38135,倪拔罢
一觉睡醒竟过了四百年，锦衣卫瞬间就懵了，我的大明亡了zt,棉花未开,2019/5/23,6/1253,安芬尼1哈达威
马上结婚了，女朋友查出输卵管通而不畅，我该怎么办？,虎扑JR0621187873,2019/5/23,362/54522,呜呜就是社会
600预算买双球鞋求推荐,love961226,2019/5/22,73/2905,詹杜库卡威登
一只变异的小龙虾，能无限自我复制，25年克隆出上千万只统治欧洲,otrpower,2019/5/23,336/160021,圣城LD2
想请问一下身高大概179的人40码的脚算正常吗？大家说说自己身高和脚码？,小昀也有烦恼,2019/5/23,20/311,小昀也有烦恼
华五成立了新的大学联盟,威少okcokc,2019/5/23,8/2186,翻江鼠蒋平
“不知道”用你的家乡话怎么说？,阿伯吃的饿佛哥,2019/5/23,26/203,大小熊熊熊熊
想不明白，女儿女婿回娘家为什么不能睡一个房间,鸭小七,2019/5/23,542/76771,勤奋的景天
女友前天闹脾气分手，今天发了这个…家人们这是什么水平,CCcurrymvp,2019/5/23,20/12744,CCcurrymvp
大车司机掉地上，摄像车司机追上去跑到大车上拉手刹避免发生车祸，这也太勇猛了zt,大侠请你吃大虾,2019/5/23,282/56878,一根手指就高一潮
凤凰传奇的歌真的俗不可耐么？,xcgs,2019/5/23,81/7942,踏雪3
女朋友送我这串字母倒是是神马意思？,马路边的火柴师傅,2019/5/22,119/43951,一位少女的梦
约好年底分手，什么水平？,落N慢skr,2019/5/22,11/3767,邱二狗1999
看上一个妹子，想撩，求开场白。,浪浪浪浪浪浪浪子,2019/5/22,13/1406,虎扑JR1760463428
月薪过万真的多吗?,wulinlin11,2019/5/23,16/890,张啸天和徐晓璋的爱恋
脑壳疼…女儿五岁不愿意上幼儿园,ziv19,2019/5/23,250/54754,pp是你大爷
直男福利：分享一些实用恋爱技巧，不喜勿喷,arcturus1122,2019/5/22,222/59598,arcturus1122
北方前五的城市，合理么？,xcgs,2019/5/23,85/8217,射你一筐
三国战争为啥要有水战？,青苔君,2019/5/23,93/27256,不想也不想
别人网贷写了我的名字和电话，现在法院要起诉我。,得儿踏踏,2019/5/23,73/10849,里脊肉饼
女生痛经，男生能做些什么？,封方正在输入,2019/5/23,42/3132,无冠超飞科的2800
家里拿出70万买房付首付，是个什么水平,桔子八,2019/5/23,119/14229,水罗观察者
这波怎么说？要坐牢吗？,此生恁多情,2019/5/23,111/26662,后宫三千独宠你一人
室友结婚一定要去吗,全员恶人FNC,2019/5/23,226/37192,skr就好了
致敬！99岁眼科教授奋战临床一线：时间不多了，要抓紧时间报答祖国zt,我爱吃土豆片,2019/5/22,111/23018,喜欢松子之能吃香菜
nbalive2007开头的集锦还记得吗，这应该是当年最棒的集锦了,李常栊,2019/5/22,219/28943,超人到底穿的啥玩意儿
第一次去酒吧怎样显得比较稳重,小小万万,2019/5/23,71/7785,火光照耀十三洲
有多少jr是虎扑里找到的女朋友、男朋友,PCL艾伦格赛区,2019/5/23,10/287,手ke摘星辰
老爸的悲剧买房史…,麦迪一朗多,2019/5/23,35/3831,qparkorg
甄子丹功夫动作猛片，招招狠辣，凌厉无比，看得太过瘾了zt,素质极低啊,2019/5/23,65/10791,湖人PG
肾内科老大爷又来了！年轻人一定要关注肾脏健康！,维京群岛老大爷,2019/5/23,366/35935,维京群岛老大爷
谷歌服务“被中止”？华为自研操作系统“鸿蒙”待命zt（集中讨论）,我超可爱123,2019/5/20,3619/515490,追风少年克洛普
经过我的研究，我觉得声音的速度比光的速度快,二院里的一头猪,2019/5/22,689/106781,姓大名白鲨
"""不爱干净""用你的家乡话怎么说？",Young5298,2019/5/23,790/25471,骑士勒布朗啊
求科普这次华为面临的困境,Maka0veli,2019/5/23,107/14870,我系凡凡
有些话想让前女友看见，兄弟们帮帮我,SWFRZ,2019/5/22,84/12954,SWFRZ
刚在图书馆看到了这一幕我该不该去提醒她把腿放下来,Akame666,2019/5/22,706/318637,驯龙骑士尹志平
《降世神通》神通大战火烈王这波打斗什么水平？,巨乳的诱惑,2019/5/23,1月31日,abba1
感觉自己每天混日子混吃等死，父母的家业会被我败完吧？,YWCFI,2019/5/23,18/868,kooncc
不懂就问，去美国读书在国内买手机是否可行,――科,2019/5/23,1/52,司机小张
夺命大乌苏和别的啤酒究竟有什么不同？,厨师夏天喝凉茶,2019/5/23,77/10848,骑自行车喝香槟
这个9岁女孩种了4年菜，建起11栋小木屋，让镇上无家可归的人有了归宿zt,我爱吃土豆片,2019/5/23,67/19376,你说这名拉风不拉风
终于知道为什么现在男生都不愿意谈恋爱了,111罗3,2019/5/22,523/134923,低调灬打板
凭条腿获4亿点击？李圣经让我一女的都沦陷了,LBLZT,2019/5/23,55/17499,一eL快哉L
在闲鱼上被骗了,thu惊涛拍岸,2019/5/20,17/1330,boost2017
体型不大好看，体脂有点高，请大佬看看计划，指导一下,千古一相西蒙斯,2019/5/23,8/1896,帅气的欢欢
前两天被丑拒了意识到我可能会注孤生，JR们能帮我好好认清一下自我吗,伞兵荣耀,2019/5/23,30/1339,伞兵荣耀
阎炎：数学真正厉害的很少是中国人zt,进击的你爸,2019/5/22,95/13110,TronYao
你为什么至今不换掉苹果手机？,噼里啪啦趴,2019/5/22,851/144225,强肛迪丽热巴
小弟刚毕业正式工作前想开个网吧，有没有28大的JRS分享一下经验！！,黄阿玛在这,2019/5/22,17/818,mgjgkf
百度网盘这也太流氓了吧？！,我强任我强,2019/5/22,1929/312500,大泽酱
为中华崛起而读书应该成为我们这代人的目标了！,詹姆斯逆转局势,2019/5/23,8/433,山东工商大学
我这电脑二手能卖多少？,Mansire,2019/5/23,5/384,l性格如此l
老哥们帮我看一下到底是哪里出了问题吗？今天跟女朋友闹崩了,爱脸红的史莱克,2019/5/23,10/438,爱脸红的史莱克
现在的90后和00后已经脱节成这样了？,有私心的心理医生,2019/5/23,31/5874,帅气的林北
展昭不是此人对手被虐，危急关头包拯头上月牙发威zt,土豆不如茄子,2019/5/23,3/216,阿斯顿sa
有没有脱发的朋友讨论一下,sc2330,2019/5/23,8/162,sc2330
本科管理学跨考计算机有戏吗,虎扑好难混,2019/5/23,9/492,虎扑好难混
有老哥打球被撞伤过门牙的吗？,大杰哥here,2019/5/23,5/65,tianyiyouwei
感觉以后电子，芯片，集成电路的硬件企业热潮,Mana君,2019/5/23,89/10863,0B9W8V8
来说说高考结束后印象最深刻的事吧！,清朝奥尼尔,2019/5/22,100/9092,库里拉了一下裤子说
今天凌晨的诡异事情，我要不要相信她？！,07Boyce,2019/5/22,1189/254368,千古奇冤伦纳德
这设计师不知道怎么想的,gzy0422,2019/5/23,112/83672,v587晓
三威胁后抬起中轴脚，运球，这样走步吗？,你好心晴,2019/5/23,13/894,陈赫
年轻的时候一个月赚1万元都开心得不得了，现在一个月赚不到2万心慌慌。,虎扑型男大帅哥2019,2019/5/23,125/31982,瞌睡来流了
你见过CCTV5最美的主播是谁,边城河伯,2019/5/22,610/225689,沙爆水王
南京首家喜憨儿洗车中心开业：让孩子们学会独立谋生zt,保罗我科,2019/5/23,46/17832,h0us
海康割了,一剑封喉13,2019/5/23,22/3242,存在cz
“没办法”用你的家乡话怎么说呢？,儒雅随和的大师兄,2019/5/22,1718/78392,肖秀荣教授丨
理性讨论，陈雪凝到底是个什么等级的音乐人,文园刘德华,2019/5/23,1025/146829,树上有云丶
不懂就问，现在质量高的或者比较小众的论坛有哪些？,Kippe,2019/5/23,33/1478,威猛先生王老板
刚结束一个人在台湾10天自由行，和各位jrs分享历程，也想和大家交流一番,AI的OK绷,2019/5/23,146/16070,控球大湿兄
在外企工作，每天发邮件用汉语拼音，这样可以？,李连毛,2019/5/22,76/39802,Carraway
今天晚上操场搭讪的女孩可能明天就能约出来散步什么水平,蓉儿是我女神,2019/5/22,200/83336,冷血展扣
抖音刷到的女孩，这也太甜了吧！,樊战鸟很大,2019/5/23,41/7210,carter15333
历史上有哪些知名球星没拿过一阵，或者只有一次一阵的？,jiwei1124,2019/5/22,74/6164,安神在此
人变瘦了弹跳会增加吗,哈里哈气勺,2019/5/23,73/7190,哈里哈气勺
国内常见的中式英语jr们见过哪些？,我亦无双,2019/5/22,6/386,we丶不二
这种男朋友是不是该早点放生？？？？？,k神nc粉,2019/5/23,125/51754,皮蛋还是粥
伟大的虎扑，帮忙找人！！必有酬谢！,狗米共,2019/5/22,100/6822,卖血炒股
老哥们，打球后膝盖和脚裸疼，要买什么样的护具带...,老实憨厚的志ang,2019/5/21,95/19245,库里三分神
帮我看看这幅《孔明借东风》是不是真迹？,x0079,2019/5/22,36/4295,青柠欧巴
今天20岁的女jr！,兰州Elena,2019/5/8,646/149276,兰州Elena
准备协议离婚了，有老哥来聊聊吗,finish_it,2019/5/22,585/77767,老詹小媳妇
瑞性咖啡跌破发行价，这种模式是不是对实体最大的伤害,海王彩晖,2019/5/23,15/2517,死亡五废
"为1元钱掌掴公交司机女子当庭翻供结果""打脸""了",＂_Sunnyoung.,2019/5/22,159/32881,苗家米酒
女同事在办公室抽烟怎么办？？？,Rosso_Neri,2019/5/22,76/37392,唯爱大臭臭
相识八年，相爱六年，我们还是分手了，不知该怎样看待这段感情。,灵魂稻米,2019/5/23,39/5418,tony1444
除夕被渣分手，昨天晚上所谓的前任突然加回我微信。,康哥哈哈哈哈,2019/5/23,287/82055,花嗅香舞者
你中学时代最后一个同桌是怎样的人,壁花同学,2019/5/23,162/16530,0芝加哥3号0
2017届毕业的你，现在怎么样了？,盖世皇骑,2019/5/22,111/9456,不知名程序猿
前女友居然发了这个给我，我应该咋回复,Kevin甜瓜L,2019/5/22,197/82932,月儿bb
女朋友因为分别很痛苦所以要分手,大帝的荣光,2019/5/23,15/1245,S我在唱krrr
羡慕我们楼下超市的小姐姐,rng无敌1,2019/5/23,40/9282,熟悉的球星都退役了
在一个房价两万的城市，月薪8千，什么水平？,xcgs,2019/5/23,61/5283,弘
喜欢大半年，520鼓起勇气送了花，家人看看结果是否引起舒适。,andyguoyunqi,2019/5/23,51/8432,o者伍晃s
一个普通三甲医院一天的水电费真的要几百万吗,啊张卫平后仰跳楼,2019/5/22,258/51878,嘟嘟1230
jr们年纪轻轻就痛风的千万别不当回事啊一定要自律,一个普通的中锋,2019/5/23,61/15610,独爱CF小斯斯
小学时觉得魔神坛斗士真好看，不亚于圣斗士的好看，光辉神很帅啊,卡卡西是鸣人的老师,2019/5/23,22/1323,ftfoo
《夏洛特烦恼》不仅是一部喜剧，也有歌曲动人的部分zt,天啦不撸了,2019/5/23,55/9956,霍铘雨
说说你所在城市最好的大学吧～,美职篮现役第一人,2019/5/22,509/32358,交界性期前收缩
8天违章4次12分…我不想开车了…,备胎的备胎,2019/5/22,622/159791,ledol24
