article,href
article,href
和优秀的男朋友在一起是什么感觉？,https://www.jianshu.com/p/a575c577673f
12 个 Css 小技巧,https://www.jianshu.com/p/8a7ec8b373bd
公共浴室的“隐形”隔离板，安全吗？,https://www.jianshu.com/p/a8ae586b0bfb
这三张图，改变无数人！你敢看吗？,https://www.jianshu.com/p/73ce65b24857
人民日报关于996的这段【内容引起极度舒适】！,https://www.jianshu.com/p/9dd73724fcab
你都30几岁的人了，还TM瞎几把过,https://www.jianshu.com/p/ac612f19b7a7
2019年第12周 | 当工作和生活有冲突，要学会修炼内心,https://www.jianshu.com/p/c22d6689666d
3个月在家减肥16斤，我只做了3件事,https://www.jianshu.com/p/e5671ee5e84c
几米经典语录,https://www.jianshu.com/p/846761ba99f1
旧情,https://www.jianshu.com/p/8d946b5837a8
韭菜炒鸡蛋是先炒韭菜还是鸡蛋？很多人都做错了，难怪不好吃,https://www.jianshu.com/p/8062d44054df
范冰冰视频庆元宵，穿白色毛衣戴猫耳朵头饰，展现与众不同野性美,https://www.jianshu.com/p/9e67a4980382
谢谢你，让我尝到甜甜的恋爱。,https://www.jianshu.com/p/447fc63292eb
这样聊天，只会把爱的人越推越远,https://www.jianshu.com/p/884e3957fedb
尘劫--第一篇,https://www.jianshu.com/p/7491f449724f
知识管理的方法论有哪些？,https://www.jianshu.com/p/aa8cee3fecdc
健身最重要的动作，没有之一,https://www.jianshu.com/p/4ef5467260db
炖羊肉时不要再木木的只知道放花椒，多加一味它，羊肉软烂无膻味,https://www.jianshu.com/p/98801b1ee2e9
崇尚tk的世界,https://www.jianshu.com/p/2ee2088d4158
刚结婚3天，老婆却提出离婚，程序员老公曝光聊天记录，网友炸锅,https://www.jianshu.com/p/a926d864cb1e
你的勤奋暴露了你的智商,https://www.jianshu.com/p/6dbf7edd4873
大学生赚钱的12个好项目,https://www.jianshu.com/p/1d18b25796af
手机手电筒只能照明？其实另有用途，看完觉得十几年手机白玩了,https://www.jianshu.com/p/95356f83152c
「中国大案纪实」中国斯德哥尔摩症候群的教科书――洛阳性奴案,https://www.jianshu.com/p/74f41662876a
ApiBoot - ApiBoot Swagger 使用文档,https://www.jianshu.com/p/05e83e91af0d
这部电影改编自韩国史上最残忍的杀人狂魔事件，看完让人心痛！！,https://www.jianshu.com/p/02b4ae2f94e3
任正非：职场上这三种员工留不得，要立刻辞退，别留情！,https://www.jianshu.com/p/812648de32a6
为什么外国人没有婆媳矛盾？知道真相后，第一点中国人就做不到！,https://www.jianshu.com/p/872ef8d32612
"""雪姨""王琳俄语惊艳观众喜提热搜，哪些明星还有惊人的外语技能",https://www.jianshu.com/p/6ca96f1873b9
“我35岁生日那天，老公错发一条微信，结束了我们10年的婚姻！”,https://www.jianshu.com/p/36edc3f8ac6b
村上春树：我读了12遍的书，是一部完美的杰作,https://www.jianshu.com/p/e8afd24bac7d
「都挺好」删了什么,https://www.jianshu.com/p/a46fbcc9a4f9
亲子关系好的家庭，孩子都很有出息,https://www.jianshu.com/p/ddb08cb9c97e
“某人，我不打扰你了”,https://www.jianshu.com/p/cf3bc70321ee
刘谦为什么会被封杀,https://www.jianshu.com/p/6e2a997dd597
一个人开始慢慢变好的8个迹象…,https://www.jianshu.com/p/68cf1b1f8065
Android实现颜色渐变启动页,https://www.jianshu.com/p/73d0ab3c08db
Java 中的多线程你只要看这一篇就够了,https://www.jianshu.com/p/132ae7755b48
把女友当女儿宠的星座男（前6名）,https://www.jianshu.com/p/ceb7aceb1557
职场中，领导会如何看待按时下班的员工？,https://www.jianshu.com/p/0361187668b7
泡脚者请务必看看！,https://www.jianshu.com/p/b186da6f84e6
月嫂阿姨伺候我39天后，不得不面对的现实…,https://www.jianshu.com/p/aa24f25e18a1
发现没有，老实单纯的男生大多不受女生喜欢,https://www.jianshu.com/p/838aa635f59f
女神是怎样炼成的？,https://www.jianshu.com/p/a828c2b16b4b
《这个月我都看完了哪些书？附读书笔记》（2019年3月已读书目15本）,https://www.jianshu.com/p/9af91d3fd9ae
吴秀波，一个坏的让王思聪都害怕的男人……,https://www.jianshu.com/p/e0f8f7d1d144
2019年目标：坚持早起、筹备新书、存款,https://www.jianshu.com/p/909a23da0fc3
日本中古二手游戏店--能让你红着脸出来的地方,https://www.jianshu.com/p/30b1efc1a491
B超里的生意,https://www.jianshu.com/p/1568fc2d89ed
能喝最烈的酒，也能熬过没有你的深秋,https://www.jianshu.com/p/400fcdc24ba5
情商越低的人，越会有这五种特征,https://www.jianshu.com/p/a4436c89cfff
女人是要道德还是要性刺激,https://www.jianshu.com/p/bd5efd8fd965
劫恋,https://www.jianshu.com/p/4447eb810fb0
我婚外情两年，想回头他不愿意分手怎么办,https://www.jianshu.com/p/a01971142d90
Nacos系列：欢迎来到Nacos的世界！,https://www.jianshu.com/p/5183d756d349
炸胡萝卜素丸子,https://www.jianshu.com/p/0ea950a6d804
《活着》为什么我不敢看第二遍？,https://www.jianshu.com/p/ee65869675df
儒家、佛家、道家150句思想精要,https://www.jianshu.com/p/2eb907ec995d
大厨创新凉菜28道，款款有新意,https://www.jianshu.com/p/f8dec18aa35c
请不要随便代表中国女人，各人有各人生活的态度,https://www.jianshu.com/p/9060bc581779
烧麦2块钱1个，自己做不输外面的早餐店，还省钱,https://www.jianshu.com/p/25dbf200a758
"低情商的5个表现,你中了几个?",https://www.jianshu.com/p/7df2f6467ba1
健身后四大禁区，你中招了吗？,https://www.jianshu.com/p/7d750a371724
24岁，我终于找到了至今单身的原因,https://www.jianshu.com/p/5c0ed681a945
想做自媒体，怎么做？,https://www.jianshu.com/p/cd2ab67a3bd1
5分钟让你的家焕然一新,https://www.jianshu.com/p/bc57022fe854
4个令人流连忘返的黑科技资源，各个精挑细选，请低调使用,https://www.jianshu.com/p/7c2c463116e7
为啥饭店炒的包菜这么好吃?后厨伙计说漏嘴：炒之前，放一勺白糖,https://www.jianshu.com/p/f0cb5eb4b6c5
面试官：说说一条查询sql的执行流程和底层原理？,https://www.jianshu.com/p/9f9d5142b9f0
文艺的说“我爱你”,https://www.jianshu.com/p/cd099bf13958
易经入门基础知识,https://www.jianshu.com/p/58eb1bb4fcb0
老公的情人,https://www.jianshu.com/p/994046d8b748
想解馋就吃这玩意儿，煮一大锅只需要50块，一家人吃个过瘾！,https://www.jianshu.com/p/a7b8a6d8279a
"写给月入三五千的你：你工作的深度,决定了成就的大小",https://www.jianshu.com/p/6c19b577020e
9月GitHub上面Python排名前十得到开源项目，建议收藏学习,https://www.jianshu.com/p/a688f4ce17a4
性侵:21岁的我被囚禁地洞23天,https://www.jianshu.com/p/604a5776b0a0
人间失格｜经典语录 ｜仅一夜之隔，我心竟判若两人,https://www.jianshu.com/p/7a616dc0def0
从出生日期看，谁有福气非富即贵,https://www.jianshu.com/p/e4bbd7c8ee68
从盛明兰到魏璎珞：幸福的女人有个共同点,https://www.jianshu.com/p/af0ad3fcbd0d
连续的拒稿告诉我:写作并不轻松！,https://www.jianshu.com/p/be3473b00e93
为什么你工作3年，月薪还是5000？打工者思维”正在毁掉你的人生,https://www.jianshu.com/p/7807570f97bd
女人见了世面后，还会喜欢自己的老公吗,https://www.jianshu.com/p/c747193b8720
Android开发中关于摄像头方向的理解,https://www.jianshu.com/p/c362c6de0e23
16套穿搭照着穿，高级又气质,https://www.jianshu.com/p/30f4943d6895
大学好想谈恋爱，但是自己没什么优点，长得还一般，怎么办？,https://www.jianshu.com/p/ad920934e820
与君成悦‖你的念想，我的向往,https://www.jianshu.com/p/96cc53b86842
孩子玩手机上瘾怎么办？,https://www.jianshu.com/p/7de64a1535c6
普通程序员，三年成为年薪70w架构师，只因做到了这些,https://www.jianshu.com/p/986c2c0dfe6f
“我们是裸婚，肯定会辛苦几年的”,https://www.jianshu.com/p/b7fffea46bcd
“婆婆，小叔子都结婚了，把陪嫁钱还我”“儿子，带她把婚离了”,https://www.jianshu.com/p/abce27ce803e
坚持慢跑有什么好处？4个意外惊喜，送给爱跑步的你,https://www.jianshu.com/p/3ec4d94f06d0
姑娘收到年终奖短信立刻辞职，这样厚道吗?,https://www.jianshu.com/p/5f361625b0a5
2019宜家春季新品大搜罗，14款实用家居好物最低只要4.9块,https://www.jianshu.com/p/6b8679ad52d9
快捷键不再只会Ctrl+C/V！还有这179个，工作再忙都要看！,https://www.jianshu.com/p/4a0647943049
一位媒人经验之谈：我连了上千次线，发现只有一种男人值得女人嫁,https://www.jianshu.com/p/4f19e22fa25a
超好用的API工具-Swagger,https://www.jianshu.com/p/3c96548b001d
剩饭不要光会炒着吃，多2步，好吃又创新！,https://www.jianshu.com/p/c8ef5509a59a
分享5款超级实用的手机app,https://www.jianshu.com/p/90e40f801699
还在为记不住Markdown语法犯愁？收藏这篇文章吧！,https://www.jianshu.com/p/f90b7e7f0e9b
